[{"model": "admin.logentry", "pk": 18, "fields": {"action_time": "2022-04-20T01:14:41.533Z", "user": 20, "content_type": 4, "object_id": "18", "object_repr": "Lerchenlied", "action_flag": 3, "change_message": ""}}, {"model": "admin.logentry", "pk": 19, "fields": {"action_time": "2022-04-20T01:14:41.689Z", "user": 20, "content_type": 4, "object_id": "19", "object_repr": "TheotoRikka", "action_flag": 3, "change_message": ""}}, {"model": "admin.logentry", "pk": 20, "fields": {"action_time": "2022-04-21T08:40:42.066Z", "user": 21, "content_type": 14, "object_id": "1", "object_repr": "Post object (1)", "action_flag": 2, "change_message": "[{\"changed\": {\"fields\": [\"Author\"]}}]"}}, {"model": "admin.logentry", "pk": 21, "fields": {"action_time": "2022-04-21T23:56:52.643Z", "user": 20, "content_type": 14, "object_id": "6", "object_repr": "Post object (6)", "action_flag": 3, "change_message": ""}}, {"model": "admin.logentry", "pk": 22, "fields": {"action_time": "2022-04-21T23:56:52.813Z", "user": 20, "content_type": 14, "object_id": "5", "object_repr": "Post object (5)", "action_flag": 3, "change_message": ""}}, {"model": "admin.logentry", "pk": 23, "fields": {"action_time": "2022-04-21T23:56:53.003Z", "user": 20, "content_type": 14, "object_id": "4", "object_repr": "Post object (4)", "action_flag": 3, "change_message": ""}}, {"model": "admin.logentry", "pk": 24, "fields": {"action_time": "2022-04-21T23:56:53.170Z", "user": 20, "content_type": 14, "object_id": "3", "object_repr": "Post object (3)", "action_flag": 3, "change_message": ""}}, {"model": "admin.logentry", "pk": 25, "fields": {"action_time": "2022-04-21T23:56:53.314Z", "user": 20, "content_type": 14, "object_id": "2", "object_repr": "Post object (2)", "action_flag": 3, "change_message": ""}}, {"model": "admin.logentry", "pk": 26, "fields": {"action_time": "2022-04-21T23:56:53.589Z", "user": 20, "content_type": 14, "object_id": "1", "object_repr": "Post object (1)", "action_flag": 3, "change_message": ""}}, {"model": "admin.logentry", "pk": 27, "fields": {"action_time": "2022-04-25T09:10:27.187Z", "user": 21, "content_type": 15, "object_id": "2", "object_repr": "Comment object (2)", "action_flag": 3, "change_message": ""}}, {"model": "admin.logentry", "pk": 28, "fields": {"action_time": "2022-04-25T09:10:32.387Z", "user": 21, "content_type": 15, "object_id": "1", "object_repr": "Comment object (1)", "action_flag": 3, "change_message": ""}}, {"model": "admin.logentry", "pk": 29, "fields": {"action_time": "2022-04-25T09:10:35.347Z", "user": 21, "content_type": 15, "object_id": "3", "object_repr": "Comment object (3)", "action_flag": 3, "change_message": ""}}, {"model": "admin.logentry", "pk": 30, "fields": {"action_time": "2022-06-07T05:16:51.908Z", "user": 20, "content_type": 16, "object_id": "1", "object_repr": "Notification object (1)", "action_flag": 1, "change_message": "[{\"added\": {}}]"}}, {"model": "admin.logentry", "pk": 31, "fields": {"action_time": "2022-06-07T08:20:59.734Z", "user": 20, "content_type": 16, "object_id": "1", "object_repr": "Notification object (1)", "action_flag": 3, "change_message": ""}}, {"model": "admin.logentry", "pk": 32, "fields": {"action_time": "2022-06-07T08:54:02.691Z", "user": 21, "content_type": 16, "object_id": "6", "object_repr": "Notification object (6)", "action_flag": 3, "change_message": ""}}, {"model": "admin.logentry", "pk": 33, "fields": {"action_time": "2022-06-07T08:54:02.833Z", "user": 21, "content_type": 16, "object_id": "5", "object_repr": "Notification object (5)", "action_flag": 3, "change_message": ""}}, {"model": "admin.logentry", "pk": 34, "fields": {"action_time": "2022-06-07T08:54:02.971Z", "user": 21, "content_type": 16, "object_id": "4", "object_repr": "Notification object (4)", "action_flag": 3, "change_message": ""}}, {"model": "admin.logentry", "pk": 35, "fields": {"action_time": "2022-06-07T08:54:03.103Z", "user": 21, "content_type": 16, "object_id": "3", "object_repr": "Notification object (3)", "action_flag": 3, "change_message": ""}}, {"model": "admin.logentry", "pk": 36, "fields": {"action_time": "2022-06-07T08:54:03.281Z", "user": 21, "content_type": 16, "object_id": "2", "object_repr": "Notification object (2)", "action_flag": 3, "change_message": ""}}, {"model": "admin.logentry", "pk": 37, "fields": {"action_time": "2022-06-14T03:08:32.636Z", "user": 21, "content_type": 16, "object_id": "19", "object_repr": "Notification object (19)", "action_flag": 3, "change_message": ""}}, {"model": "admin.logentry", "pk": 38, "fields": {"action_time": "2022-06-14T03:08:33.085Z", "user": 21, "content_type": 16, "object_id": "18", "object_repr": "Notification object (18)", "action_flag": 3, "change_message": ""}}, {"model": "admin.logentry", "pk": 39, "fields": {"action_time": "2022-06-14T03:08:33.435Z", "user": 21, "content_type": 16, "object_id": "17", "object_repr": "Notification object (17)", "action_flag": 3, "change_message": ""}}, {"model": "admin.logentry", "pk": 40, "fields": {"action_time": "2022-06-14T03:08:33.685Z", "user": 21, "content_type": 16, "object_id": "16", "object_repr": "Notification object (16)", "action_flag": 3, "change_message": ""}}, {"model": "admin.logentry", "pk": 41, "fields": {"action_time": "2022-06-14T03:08:33.830Z", "user": 21, "content_type": 16, "object_id": "15", "object_repr": "Notification object (15)", "action_flag": 3, "change_message": ""}}, {"model": "admin.logentry", "pk": 42, "fields": {"action_time": "2022-06-14T03:08:34.020Z", "user": 21, "content_type": 16, "object_id": "14", "object_repr": "Notification object (14)", "action_flag": 3, "change_message": ""}}, {"model": "admin.logentry", "pk": 43, "fields": {"action_time": "2022-06-14T03:08:34.224Z", "user": 21, "content_type": 16, "object_id": "13", "object_repr": "Notification object (13)", "action_flag": 3, "change_message": ""}}, {"model": "admin.logentry", "pk": 44, "fields": {"action_time": "2022-06-14T03:08:34.508Z", "user": 21, "content_type": 16, "object_id": "12", "object_repr": "Notification object (12)", "action_flag": 3, "change_message": ""}}, {"model": "admin.logentry", "pk": 45, "fields": {"action_time": "2022-06-14T03:08:34.696Z", "user": 21, "content_type": 16, "object_id": "11", "object_repr": "Notification object (11)", "action_flag": 3, "change_message": ""}}, {"model": "admin.logentry", "pk": 46, "fields": {"action_time": "2022-06-14T03:08:34.907Z", "user": 21, "content_type": 16, "object_id": "10", "object_repr": "Notification object (10)", "action_flag": 3, "change_message": ""}}, {"model": "admin.logentry", "pk": 47, "fields": {"action_time": "2022-06-14T03:08:35.073Z", "user": 21, "content_type": 16, "object_id": "9", "object_repr": "Notification object (9)", "action_flag": 3, "change_message": ""}}, {"model": "admin.logentry", "pk": 48, "fields": {"action_time": "2022-06-14T03:08:35.208Z", "user": 21, "content_type": 16, "object_id": "8", "object_repr": "Notification object (8)", "action_flag": 3, "change_message": ""}}, {"model": "admin.logentry", "pk": 49, "fields": {"action_time": "2022-06-14T03:08:35.340Z", "user": 21, "content_type": 16, "object_id": "7", "object_repr": "Notification object (7)", "action_flag": 3, "change_message": ""}}, {"model": "auth.permission", "pk": 1, "fields": {"name": "Can add log entry", "content_type": 1, "codename": "add_logentry"}}, {"model": "auth.permission", "pk": 2, "fields": {"name": "Can change log entry", "content_type": 1, "codename": "change_logentry"}}, {"model": "auth.permission", "pk": 3, "fields": {"name": "Can delete log entry", "content_type": 1, "codename": "delete_logentry"}}, {"model": "auth.permission", "pk": 4, "fields": {"name": "Can view log entry", "content_type": 1, "codename": "view_logentry"}}, {"model": "auth.permission", "pk": 5, "fields": {"name": "Can add permission", "content_type": 2, "codename": "add_permission"}}, {"model": "auth.permission", "pk": 6, "fields": {"name": "Can change permission", "content_type": 2, "codename": "change_permission"}}, {"model": "auth.permission", "pk": 7, "fields": {"name": "Can delete permission", "content_type": 2, "codename": "delete_permission"}}, {"model": "auth.permission", "pk": 8, "fields": {"name": "Can view permission", "content_type": 2, "codename": "view_permission"}}, {"model": "auth.permission", "pk": 9, "fields": {"name": "Can add group", "content_type": 3, "codename": "add_group"}}, {"model": "auth.permission", "pk": 10, "fields": {"name": "Can change group", "content_type": 3, "codename": "change_group"}}, {"model": "auth.permission", "pk": 11, "fields": {"name": "Can delete group", "content_type": 3, "codename": "delete_group"}}, {"model": "auth.permission", "pk": 12, "fields": {"name": "Can view group", "content_type": 3, "codename": "view_group"}}, {"model": "auth.permission", "pk": 13, "fields": {"name": "Can add user", "content_type": 4, "codename": "add_user"}}, {"model": "auth.permission", "pk": 14, "fields": {"name": "Can change user", "content_type": 4, "codename": "change_user"}}, {"model": "auth.permission", "pk": 15, "fields": {"name": "Can delete user", "content_type": 4, "codename": "delete_user"}}, {"model": "auth.permission", "pk": 16, "fields": {"name": "Can view user", "content_type": 4, "codename": "view_user"}}, {"model": "auth.permission", "pk": 17, "fields": {"name": "Can add content type", "content_type": 5, "codename": "add_contenttype"}}, {"model": "auth.permission", "pk": 18, "fields": {"name": "Can change content type", "content_type": 5, "codename": "change_contenttype"}}, {"model": "auth.permission", "pk": 19, "fields": {"name": "Can delete content type", "content_type": 5, "codename": "delete_contenttype"}}, {"model": "auth.permission", "pk": 20, "fields": {"name": "Can view content type", "content_type": 5, "codename": "view_contenttype"}}, {"model": "auth.permission", "pk": 21, "fields": {"name": "Can add session", "content_type": 6, "codename": "add_session"}}, {"model": "auth.permission", "pk": 22, "fields": {"name": "Can change session", "content_type": 6, "codename": "change_session"}}, {"model": "auth.permission", "pk": 23, "fields": {"name": "Can delete session", "content_type": 6, "codename": "delete_session"}}, {"model": "auth.permission", "pk": 24, "fields": {"name": "Can view session", "content_type": 6, "codename": "view_session"}}, {"model": "auth.permission", "pk": 25, "fields": {"name": "Can add site", "content_type": 7, "codename": "add_site"}}, {"model": "auth.permission", "pk": 26, "fields": {"name": "Can change site", "content_type": 7, "codename": "change_site"}}, {"model": "auth.permission", "pk": 27, "fields": {"name": "Can delete site", "content_type": 7, "codename": "delete_site"}}, {"model": "auth.permission", "pk": 28, "fields": {"name": "Can view site", "content_type": 7, "codename": "view_site"}}, {"model": "auth.permission", "pk": 29, "fields": {"name": "Can add email address", "content_type": 8, "codename": "add_emailaddress"}}, {"model": "auth.permission", "pk": 30, "fields": {"name": "Can change email address", "content_type": 8, "codename": "change_emailaddress"}}, {"model": "auth.permission", "pk": 31, "fields": {"name": "Can delete email address", "content_type": 8, "codename": "delete_emailaddress"}}, {"model": "auth.permission", "pk": 32, "fields": {"name": "Can view email address", "content_type": 8, "codename": "view_emailaddress"}}, {"model": "auth.permission", "pk": 33, "fields": {"name": "Can add email confirmation", "content_type": 9, "codename": "add_emailconfirmation"}}, {"model": "auth.permission", "pk": 34, "fields": {"name": "Can change email confirmation", "content_type": 9, "codename": "change_emailconfirmation"}}, {"model": "auth.permission", "pk": 35, "fields": {"name": "Can delete email confirmation", "content_type": 9, "codename": "delete_emailconfirmation"}}, {"model": "auth.permission", "pk": 36, "fields": {"name": "Can view email confirmation", "content_type": 9, "codename": "view_emailconfirmation"}}, {"model": "auth.permission", "pk": 37, "fields": {"name": "Can add social account", "content_type": 10, "codename": "add_socialaccount"}}, {"model": "auth.permission", "pk": 38, "fields": {"name": "Can change social account", "content_type": 10, "codename": "change_socialaccount"}}, {"model": "auth.permission", "pk": 39, "fields": {"name": "Can delete social account", "content_type": 10, "codename": "delete_socialaccount"}}, {"model": "auth.permission", "pk": 40, "fields": {"name": "Can view social account", "content_type": 10, "codename": "view_socialaccount"}}, {"model": "auth.permission", "pk": 41, "fields": {"name": "Can add social application", "content_type": 11, "codename": "add_socialapp"}}, {"model": "auth.permission", "pk": 42, "fields": {"name": "Can change social application", "content_type": 11, "codename": "change_socialapp"}}, {"model": "auth.permission", "pk": 43, "fields": {"name": "Can delete social application", "content_type": 11, "codename": "delete_socialapp"}}, {"model": "auth.permission", "pk": 44, "fields": {"name": "Can view social application", "content_type": 11, "codename": "view_socialapp"}}, {"model": "auth.permission", "pk": 45, "fields": {"name": "Can add social application token", "content_type": 12, "codename": "add_socialtoken"}}, {"model": "auth.permission", "pk": 46, "fields": {"name": "Can change social application token", "content_type": 12, "codename": "change_socialtoken"}}, {"model": "auth.permission", "pk": 47, "fields": {"name": "Can delete social application token", "content_type": 12, "codename": "delete_socialtoken"}}, {"model": "auth.permission", "pk": 48, "fields": {"name": "Can view social application token", "content_type": 12, "codename": "view_socialtoken"}}, {"model": "auth.permission", "pk": 49, "fields": {"name": "Can add profile", "content_type": 13, "codename": "add_profile"}}, {"model": "auth.permission", "pk": 50, "fields": {"name": "Can change profile", "content_type": 13, "codename": "change_profile"}}, {"model": "auth.permission", "pk": 51, "fields": {"name": "Can delete profile", "content_type": 13, "codename": "delete_profile"}}, {"model": "auth.permission", "pk": 52, "fields": {"name": "Can view profile", "content_type": 13, "codename": "view_profile"}}, {"model": "auth.permission", "pk": 53, "fields": {"name": "Can add post", "content_type": 14, "codename": "add_post"}}, {"model": "auth.permission", "pk": 54, "fields": {"name": "Can change post", "content_type": 14, "codename": "change_post"}}, {"model": "auth.permission", "pk": 55, "fields": {"name": "Can delete post", "content_type": 14, "codename": "delete_post"}}, {"model": "auth.permission", "pk": 56, "fields": {"name": "Can view post", "content_type": 14, "codename": "view_post"}}, {"model": "auth.permission", "pk": 57, "fields": {"name": "Can add comment", "content_type": 15, "codename": "add_comment"}}, {"model": "auth.permission", "pk": 58, "fields": {"name": "Can change comment", "content_type": 15, "codename": "change_comment"}}, {"model": "auth.permission", "pk": 59, "fields": {"name": "Can delete comment", "content_type": 15, "codename": "delete_comment"}}, {"model": "auth.permission", "pk": 60, "fields": {"name": "Can view comment", "content_type": 15, "codename": "view_comment"}}, {"model": "auth.permission", "pk": 61, "fields": {"name": "Can add notification", "content_type": 16, "codename": "add_notification"}}, {"model": "auth.permission", "pk": 62, "fields": {"name": "Can change notification", "content_type": 16, "codename": "change_notification"}}, {"model": "auth.permission", "pk": 63, "fields": {"name": "Can delete notification", "content_type": 16, "codename": "delete_notification"}}, {"model": "auth.permission", "pk": 64, "fields": {"name": "Can view notification", "content_type": 16, "codename": "view_notification"}}, {"model": "auth.user", "pk": 20, "fields": {"password": "pbkdf2_sha256$320000$AX71buJVYd7LEhlNBDqRpN$a6syA7Uoe4WnNeBOVGY0v+2Fs9Sf+2pO4A07ePjX0Os=", "last_login": "2022-06-14T07:10:50.412Z", "is_superuser": true, "username": "PriscillaBarielle", "first_name": "", "last_name": "", "email": "", "is_staff": true, "is_active": true, "date_joined": "2022-04-20T01:14:10.585Z", "groups": [], "user_permissions": []}}, {"model": "auth.user", "pk": 21, "fields": {"password": "pbkdf2_sha256$320000$kgVsplIg96cHnGcqICYmpJ$0IvojA8Tdsy51FjNCY8s6KaYVKXe1lKUzp+fR4Mblf4=", "last_login": "2022-06-14T07:01:07.872Z", "is_superuser": true, "username": "Lerchenlied", "first_name": "", "last_name": "", "email": "", "is_staff": true, "is_active": true, "date_joined": "2022-04-20T02:19:49.983Z", "groups": [], "user_permissions": []}}, {"model": "auth.user", "pk": 22, "fields": {"password": "pbkdf2_sha256$320000$GR793OdU1qssf17Mev6ZOO$2NQYb8RzOqtkbFID31x5fKlJTRZqQxVVjqFDlk9tmC8=", "last_login": "2022-06-09T00:17:32.103Z", "is_superuser": false, "username": "TheotoRikka", "first_name": "", "last_name": "", "email": "", "is_staff": false, "is_active": true, "date_joined": "2022-04-24T06:25:44.341Z", "groups": [], "user_permissions": []}}, {"model": "auth.user", "pk": 23, "fields": {"password": "pbkdf2_sha256$320000$rdNu4XxM6ORqMmBCGZNFMG$cJo44soNFSONxaNYzqU9EpuOWVYuNJakmsuJEQ8A+Ho=", "last_login": "2022-06-09T00:06:00.725Z", "is_superuser": false, "username": "TobisawaMisaki", "first_name": "", "last_name": "", "email": "", "is_staff": false, "is_active": true, "date_joined": "2022-04-24T06:34:52.688Z", "groups": [], "user_permissions": []}}, {"model": "contenttypes.contenttype", "pk": 1, "fields": {"app_label": "admin", "model": "logentry"}}, {"model": "contenttypes.contenttype", "pk": 2, "fields": {"app_label": "auth", "model": "permission"}}, {"model": "contenttypes.contenttype", "pk": 3, "fields": {"app_label": "auth", "model": "group"}}, {"model": "contenttypes.contenttype", "pk": 4, "fields": {"app_label": "auth", "model": "user"}}, {"model": "contenttypes.contenttype", "pk": 5, "fields": {"app_label": "contenttypes", "model": "contenttype"}}, {"model": "contenttypes.contenttype", "pk": 6, "fields": {"app_label": "sessions", "model": "session"}}, {"model": "contenttypes.contenttype", "pk": 7, "fields": {"app_label": "sites", "model": "site"}}, {"model": "contenttypes.contenttype", "pk": 8, "fields": {"app_label": "account", "model": "emailaddress"}}, {"model": "contenttypes.contenttype", "pk": 9, "fields": {"app_label": "account", "model": "emailconfirmation"}}, {"model": "contenttypes.contenttype", "pk": 10, "fields": {"app_label": "socialaccount", "model": "socialaccount"}}, {"model": "contenttypes.contenttype", "pk": 11, "fields": {"app_label": "socialaccount", "model": "socialapp"}}, {"model": "contenttypes.contenttype", "pk": 12, "fields": {"app_label": "socialaccount", "model": "socialtoken"}}, {"model": "contenttypes.contenttype", "pk": 13, "fields": {"app_label": "social", "model": "profile"}}, {"model": "contenttypes.contenttype", "pk": 14, "fields": {"app_label": "social", "model": "post"}}, {"model": "contenttypes.contenttype", "pk": 15, "fields": {"app_label": "social", "model": "comment"}}, {"model": "contenttypes.contenttype", "pk": 16, "fields": {"app_label": "social", "model": "notification"}}, {"model": "sessions.session", "pk": "36oz8jvo4bebmkq8ie2yz78ul59qir43", "fields": {"session_data": "e30:1ngyta:NvkxDaTMw-hUjnDCAIhxxoI0x1maKh6WWc6z2cO4xwI", "expire_date": "2022-05-04T01:12:38.843Z"}}, {"model": "sessions.session", "pk": "45ze3ya5mbhnppj10lgytjstydtgqprj", "fields": {"session_data": ".eJxVjEEOwiAQRe_C2pApUqFduvcMZBgGixowpU00xrsrSRe6_e_99xIO12Vya-XZpSBGoUDsfkePdOXcSLhgPhdJJS9z8rIpcqNVnkrg23Fz_wIT1un7Jg_oKQCZiERqb3EwnUIAxh71ofeaePDRRD0EowwbhI7Ydqwh2F7bFq1cayrZ8eOe5qcY4f0B9_tAIA:1o0x4V:hqoNbBScQWqetKqbvdE8MNSyOuKJVrWHADd3p0MNfwo", "expire_date": "2022-06-28T03:18:27.002Z"}}, {"model": "sessions.session", "pk": "79h4chud0bm4kc0954e1rge44ll88j6i", "fields": {"session_data": "e30:1ngytF:xXZuxG6x7zMT-Ru5zFcUzpRsuSg6Omzg0F19q_Kwar0", "expire_date": "2022-05-04T01:12:17.969Z"}}, {"model": "sessions.session", "pk": "9mcb7xtutktvrczef2pf4h3sz2be9lfs", "fields": {"session_data": ".eJxVjEEOwiAQRe_C2pApUqFduvcMZBgGixowpU00xrsrSRe6_e_99xIO12Vya-XZpSBGoUDsfkePdOXcSLhgPhdJJS9z8rIpcqNVnkrg23Fz_wIT1un7Jg_oKQCZiERqb3EwnUIAxh71ofeaePDRRD0EowwbhI7Ydqwh2F7bFq1cayrZ8eOe5qcY4f0B9_tAIA:1nnbbr:pCWItzBpI6fcagQfNxadWnkLAhcPmtkkO5RO7daTkN4", "expire_date": "2022-05-22T07:45:43.464Z"}}, {"model": "sessions.session", "pk": "j5m9ti3txn8lhr3uykb3yqy3i54pp05v", "fields": {"session_data": ".eJxVjEEOwiAQRe_C2pApUqFduvcMZBgGixowpU00xrsrSRe6_e_99xIO12Vya-XZpSBGoUDsfkePdOXcSLhgPhdJJS9z8rIpcqNVnkrg23Fz_wIT1un7Jg_oKQCZiERqb3EwnUIAxh71ofeaePDRRD0EowwbhI7Ydqwh2F7bFq1cayrZ8eOe5qcY4f0B9_tAIA:1o10hO:cXzMRqmsq9X-H50jEm1fqtjilaA6G7Qx7jtLenVvcBs", "expire_date": "2022-06-28T07:10:50.726Z"}}, {"model": "sessions.session", "pk": "ws3w6syyld4xdd01s0cfbwevqov8yp72", "fields": {"session_data": "e30:1ngbuq:fmwrDEr11tMXheQOflPW9wjdbPY63GoGqii2wl7hbvo", "expire_date": "2022-05-03T00:40:24.411Z"}}, {"model": "sessions.session", "pk": "xgvaegir3tnw2hsxnnlfybhezglur63m", "fields": {"session_data": "e30:1ngwqJ:wN3YvKr0NxUKIQs_xyKHFWiL3Bu6MGqLNxCLW-junu0", "expire_date": "2022-05-03T23:01:07.828Z"}}, {"model": "sessions.session", "pk": "yth706ag9n4m2wfsmtjrgrutm12mwmdv", "fields": {"session_data": ".eJxVjEEOwiAQRe_C2pApUqFduvcMZBgGixowpU00xrsrSRe6_e_99xIO12Vya-XZpSBGoUDsfkePdOXcSLhgPhdJJS9z8rIpcqNVnkrg23Fz_wIT1un7Jg_oKQCZiERqb3EwnUIAxh71ofeaePDRRD0EowwbhI7Ydqwh2F7bFq1cayrZ8eOe5qcY4f0B9_tAIA:1nz5wA:sCRLyU-1MgTz4D6pixyXokezs7dYx9lglTeaZQ2yY_E", "expire_date": "2022-06-23T00:22:10.257Z"}}, {"model": "sites.site", "pk": 1, "fields": {"domain": "example.com", "name": "example.com"}}, {"model": "social.post", "pk": 1, "fields": {"author": 1, "body": "Time zone test", "created_on": "2022-04-22T00:01:28.839Z", "likes": []}}, {"model": "social.post", "pk": 3, "fields": {"author": 1, "body": "Time check", "created_on": "2022-04-22T00:08:35.757Z", "likes": []}}, {"model": "social.post", "pk": 4, "fields": {"author": 2, "body": "Some posts of my own", "created_on": "2022-04-22T01:40:56.582Z", "likes": []}}, {"model": "social.post", "pk": 5, "fields": {"author": 1, "body": "Okay, but for how long does this box go when we tend to truncate the other characters for good measure. Imma go and try it out now", "created_on": "2022-04-22T01:58:58.462Z", "likes": []}}, {"model": "social.post", "pk": 6, "fields": {"author": 2, "body": "Time to write an ultra long text cause I have to. Now I have to wonder how the hell should I handle image rendering and resizing once again. Not like I have ever solved that one. And come to think of it, this post form needs to be migrated to a WSYIWYG editor but do I really want to... I wonder.", "created_on": "2022-04-22T02:02:49.855Z", "likes": []}}, {"model": "social.post", "pk": 7, "fields": {"author": 3, "body": "Whats up", "created_on": "2022-04-24T06:25:53.029Z", "likes": [23]}}, {"model": "social.post", "pk": 8, "fields": {"author": 4, "body": "Weird resolution problem", "created_on": "2022-04-24T06:43:38.142Z", "likes": []}}, {"model": "social.post", "pk": 9, "fields": {"author": 4, "body": "Fuck, I was doing all these on main branch", "created_on": "2022-04-24T06:43:59.778Z", "likes": []}}, {"model": "social.post", "pk": 10, "fields": {"author": 4, "body": "Literally using up too much space as I can temporarily", "created_on": "2022-04-24T08:14:36.546Z", "likes": [20, 21, 23]}}, {"model": "social.post", "pk": 14, "fields": {"author": 2, "body": "More Dummy Posts", "created_on": "2022-04-25T00:18:52.827Z", "likes": []}}, {"model": "social.post", "pk": 17, "fields": {"author": 2, "body": "Wrong timezone", "created_on": "2022-05-07T04:15:00.666Z", "likes": [20, 22]}}, {"model": "social.post", "pk": 19, "fields": {"author": 1, "body": "Create post", "created_on": "2022-05-08T08:56:37.544Z", "likes": [20, 21, 23]}}, {"model": "social.comment", "pk": 4, "fields": {"post": 14, "author": 2, "content": "Lezgoo", "created_on": "2022-04-25T09:15:54.535Z", "parent": null, "likes": []}}, {"model": "social.comment", "pk": 5, "fields": {"post": 14, "author": 2, "content": "Hypes", "created_on": "2022-04-25T09:16:00.151Z", "parent": null, "likes": []}}, {"model": "social.comment", "pk": 6, "fields": {"post": 14, "author": 2, "content": "Replies where", "created_on": "2022-04-25T09:16:10.423Z", "parent": null, "likes": []}}, {"model": "social.comment", "pk": 7, "fields": {"post": 14, "author": 2, "content": "Still no likes implementation zzz", "created_on": "2022-04-25T09:16:27.527Z", "parent": null, "likes": []}}, {"model": "social.comment", "pk": 8, "fields": {"post": 14, "author": 4, "content": "sort comments lul", "created_on": "2022-04-25T09:17:00.646Z", "parent": null, "likes": [20, 21]}}, {"model": "social.comment", "pk": 9, "fields": {"post": 7, "author": 4, "content": "Poggers", "created_on": "2022-04-25T09:19:54.701Z", "parent": null, "likes": []}}, {"model": "social.comment", "pk": 11, "fields": {"post": 14, "author": 2, "content": "Lemme write one", "created_on": "2022-05-07T00:09:31.061Z", "parent": null, "likes": []}}, {"model": "social.comment", "pk": 12, "fields": {"post": 14, "author": 2, "content": "asdf", "created_on": "2022-05-07T03:34:57.725Z", "parent": 11, "likes": []}}, {"model": "social.comment", "pk": 13, "fields": {"post": 14, "author": 2, "content": "Try", "created_on": "2022-05-07T03:43:32.355Z", "parent": 11, "likes": []}}, {"model": "social.comment", "pk": 14, "fields": {"post": 14, "author": 2, "content": "Me gots you", "created_on": "2022-05-07T04:08:28.742Z", "parent": 8, "likes": []}}, {"model": "social.comment", "pk": 15, "fields": {"post": 14, "author": 2, "content": "what the hell", "created_on": "2022-05-07T04:13:55.884Z", "parent": 11, "likes": []}}, {"model": "social.comment", "pk": 16, "fields": {"post": 14, "author": 2, "content": "Lol wrong time zone", "created_on": "2022-05-07T04:14:50.901Z", "parent": 7, "likes": []}}, {"model": "social.comment", "pk": 17, "fields": {"post": 17, "author": 2, "content": "Lets Check", "created_on": "2022-05-07T04:15:10.350Z", "parent": null, "likes": [21, 23]}}, {"model": "social.comment", "pk": 18, "fields": {"post": 17, "author": 2, "content": "Like this?", "created_on": "2022-05-07T04:15:18.358Z", "parent": 17, "likes": []}}, {"model": "social.comment", "pk": 19, "fields": {"post": 5, "author": 2, "content": "I see", "created_on": "2022-05-07T04:15:29.166Z", "parent": null, "likes": []}}, {"model": "social.comment", "pk": 20, "fields": {"post": 17, "author": 1, "content": "Let me try that", "created_on": "2022-05-08T07:46:03.529Z", "parent": 17, "likes": []}}, {"model": "social.comment", "pk": 22, "fields": {"post": 17, "author": 1, "content": "Some try", "created_on": "2022-05-08T08:56:05.561Z", "parent": null, "likes": [20, 22]}}, {"model": "social.comment", "pk": 25, "fields": {"post": 14, "author": 1, "content": "Write a reply", "created_on": "2022-05-08T09:02:05.936Z", "parent": 11, "likes": []}}, {"model": "social.comment", "pk": 31, "fields": {"post": 19, "author": 1, "content": "Something", "created_on": "2022-05-08T09:22:39.946Z", "parent": null, "likes": [21]}}, {"model": "social.comment", "pk": 33, "fields": {"post": 17, "author": 2, "content": "Damn, its been long", "created_on": "2022-06-02T01:46:26.948Z", "parent": 22, "likes": []}}, {"model": "social.comment", "pk": 34, "fields": {"post": 19, "author": 4, "content": "Nice", "created_on": "2022-06-07T00:57:52.444Z", "parent": 31, "likes": []}}, {"model": "social.comment", "pk": 35, "fields": {"post": 7, "author": 4, "content": "Let me try this one", "created_on": "2022-06-08T01:19:44.277Z", "parent": null, "likes": []}}, {"model": "social.comment", "pk": 36, "fields": {"post": 17, "author": 3, "content": "Lets try this out", "created_on": "2022-06-08T23:46:31.451Z", "parent": 22, "likes": []}}, {"model": "social.comment", "pk": 37, "fields": {"post": 17, "author": 3, "content": "This is a comment!", "created_on": "2022-06-08T23:46:43.419Z", "parent": null, "likes": []}}, {"model": "social.comment", "pk": 39, "fields": {"post": 17, "author": 2, "content": "Something else", "created_on": "2022-06-08T23:49:52.080Z", "parent": null, "likes": []}}, {"model": "social.comment", "pk": 40, "fields": {"post": 17, "author": 3, "content": "Lets try replying", "created_on": "2022-06-08T23:50:15.426Z", "parent": 39, "likes": []}}, {"model": "social.comment", "pk": 41, "fields": {"post": 19, "author": 2, "content": "Comment", "created_on": "2022-06-14T03:17:57.326Z", "parent": null, "likes": []}}, {"model": "social.comment", "pk": 42, "fields": {"post": 19, "author": 2, "content": "Reply", "created_on": "2022-06-14T03:18:02.677Z", "parent": 41, "likes": []}}, {"model": "social.comment", "pk": 43, "fields": {"post": 19, "author": 2, "content": "Replied", "created_on": "2022-06-14T03:18:09.963Z", "parent": 31, "likes": []}}, {"model": "social.profile", "pk": 1, "fields": {"user": 20, "username": "Prisca", "profile_pic": "uploads/profile_pictures/Priscilla_Crop.png", "banner_pic": "uploads/banner_pictures/PriscillaWall.png", "date_joined": "2022-04-20", "slug": "priscillabarielle", "followers": [21]}}, {"model": "social.profile", "pk": 2, "fields": {"user": 21, "username": "Lerchenlied", "profile_pic": "uploads/profile_pictures/Lerche.png", "banner_pic": "uploads/banner_pictures/740377.png", "date_joined": "2022-04-20", "slug": "lerchenlied", "followers": [20, 22, 23]}}, {"model": "social.profile", "pk": 3, "fields": {"user": 22, "username": "TheotoRikka", "profile_pic": "uploads/profile_pictures/Theo.png", "banner_pic": "uploads/banner_pictures/740377.png", "date_joined": "2022-04-24", "slug": "theotorikka", "followers": [23]}}, {"model": "social.profile", "pk": 4, "fields": {"user": 23, "username": "TobisawaMisaki", "profile_pic": "uploads/profile_pictures/MisakiTemp.png", "banner_pic": "uploads/banner_pictures/Misakiii.jpg", "date_joined": "2022-04-24", "slug": "tobisawamisaki", "followers": []}}, {"model": "social.notification", "pk": 20, "fields": {"notif_type": 1, "to_user": 20, "from_user": 21, "post": 19, "comment": null, "date": "2022-06-14T03:17:51.059Z", "user_has_seen": true}}, {"model": "social.notification", "pk": 21, "fields": {"notif_type": 2, "to_user": 20, "from_user": 21, "post": 19, "comment": null, "date": "2022-06-14T03:17:57.580Z", "user_has_seen": true}}, {"model": "social.notification", "pk": 22, "fields": {"notif_type": 2, "to_user": 20, "from_user": 21, "post": 19, "comment": 31, "date": "2022-06-14T03:18:10.090Z", "user_has_seen": true}}, {"model": "social.notification", "pk": 23, "fields": {"notif_type": 3, "to_user": 20, "from_user": 21, "post": null, "comment": null, "date": "2022-06-14T03:18:14.790Z", "user_has_seen": true}}]
